Renewable electricity output (% of total electricity output);0
Adjusted savings: mineral depletion (current US$);0
Population, total;1
Total fisheries production (metric tons);1
Population growth (annual %);1
Capture fisheries production (metric tons);1
Access to electricity (% of population);2
Access to electricity, urban (% of urban population);2
Surface area (sq. km);2
Land area (sq. km);2
Rural population (% of total population);3
Access to electricity, rural (% of rural population);3
People using at least basic drinking water services (% of population);3
Urban population growth (annual %);3
Urban population (% of total population);3
Rural population;3
Urban population;3
Population density (people per sq. km of land area);3
Renewable energy consumption (% of total final energy consumption);4
People using at least basic sanitation services (% of population);5
Forest area (sq. km);6
Fixed telephone subscriptions (per 100 people);6
Fixed telephone subscriptions;6
People practicing open defecation (% of population);7
Adjusted savings: carbon dioxide damage (current US$);7
Secure Internet servers;7
Agricultural land (sq. km);7
Secure Internet servers (per 1 million people);7
Forest area (% of land area);8
DEC alternative conversion factor (LCU per US$);8
Incidence of tuberculosis (per 100,000 people);8
Primary school starting age (years);9
Primary education, duration (years);9
Agricultural land (% of land area);9
Birth rate, crude (per 1,000 people);10
Death rate, crude (per 1,000 people);10
Arable land (hectares);10
GDP per capita (current LCU);10
GDP (current LCU);10
GDP per capita (current US$);11
GDP (current US$);11
Arable land (% of land area);11
CO2 emissions from solid fuel consumption (% of total);12
Merchandise imports by the reporting economy, residual (% of total merchandise imports);12
Arable land (hectares per person);12
CO2 emissions (kt);12
CO2 emissions from gaseous fuel consumption (% of total);12
CO2 emissions from gaseous fuel consumption (kt);12
CO2 emissions from liquid fuel consumption (% of total);12
CO2 emissions from liquid fuel consumption (kt);12
Lower secondary school starting age (years);12
Merchandise imports by the reporting economy (current US$);12
Merchandise exports by the reporting economy, residual (% of total merchandise exports);12
Merchandise exports by the reporting economy (current US$);12
Merchandise imports from high-income economies (% of total merchandise imports);12
Merchandise exports to high-income economies (% of total merchandise exports);12
Secondary education, duration (years);12
Merchandise imports from low- and middle-income economies outside region (% of total merchandise imports);12
Mobile cellular subscriptions;12
Mobile cellular subscriptions (per 100 people);12
CO2 emissions from solid fuel consumption (kt);12
Merchandise imports (current US$);13
GDP deflator (base year varies by country);13
Merchandise imports from low- and middle-income economies in East Asia & Pacific (% of total merchandise imports);13
GDP (constant LCU);13
Adjusted savings: energy depletion (current US$);13
GDP growth (annual %);13
Inflation, GDP deflator (annual %);13
CO2 emissions (metric tons per capita);13
Rural population growth (annual %);13
Inflation, GDP deflator: linked series (annual %);13
Merchandise exports to low- and middle-income economies outside region (% of total merchandise exports);13
GDP per capita growth (annual %);13
GDP per capita (constant LCU);13
Merchandise exports (current US$);14
Merchandise imports from low- and middle-income economies in Europe & Central Asia (% of total merchandise imports);14
Merchandise exports to low- and middle-income economies in East Asia & Pacific (% of total merchandise exports);14
Merchandise imports from low- and middle-income economies in Sub-Saharan Africa (% of total merchandise imports);14
Preprimary education, duration (years);14
Merchandise imports from low- and middle-income economies in South Asia (% of total merchandise imports);14
Mineral rents (% of GDP);14
Total natural resources rents (% of GDP);14
Forest rents (% of GDP);14
Export unit value index (2000 = 100);15
Merchandise exports to low- and middle-income economies in Sub-Saharan Africa (% of total merchandise exports);15
Export volume index (2000 = 100);15
Import value index (2000 = 100);15
Export value index (2000 = 100);15
Merchandise exports to low- and middle-income economies in Latin America & the Caribbean (% of total merchandise exports);15
Merchandise imports from low- and middle-income economies in Latin America & the Caribbean (% of total merchandise imports);15
Food production index (2004-2006 = 100);16
Individuals using the Internet (% of population);16
Import volume index (2000 = 100);16
Fixed broadband subscriptions (per 100 people);16
Fixed broadband subscriptions;16
Import unit value index (2000 = 100);16
Net barter terms of trade index (2000 = 100);16
Merchandise exports to economies in the Arab World (% of total merchandise exports);16
Foreign direct investment, net inflows (BoP, current US$);16
Life expectancy at birth, total (years);17
Life expectancy at birth, male (years);17
Livestock production index (2004-2006 = 100);17
Life expectancy at birth, female (years);17
GDP per capita (constant 2010 US$);17
Merchandise exports to low- and middle-income economies in South Asia (% of total merchandise exports);17
Merchandise exports to low- and middle-income economies in Europe & Central Asia (% of total merchandise exports);17
GDP (constant 2010 US$);17
GDP: linked series (current LCU);17
Merchandise imports from economies in the Arab World (% of total merchandise imports);17
Fertility rate, total (births per woman);17
GNI (current LCU);18
GNI per capita (current LCU);18
Crop production index (2004-2006 = 100);18
GDP deflator: linked series (base year varies by country);18
Tuberculosis case detection rate (%, all forms);18
Foreign direct investment, net outflows (BoP, current US$);18
GNI (current US$);19
Refugee population by country or territory of origin;20
Industry (including construction), value added (% of GDP);20
Net primary income (Net income from abroad) (current LCU);20
Industry (including construction), value added (current LCU);20
Scientific and technical journal articles;20
Merchandise imports from low- and middle-income economies in Middle East & North Africa (% of total merchandise imports);21
Net primary income (Net income from abroad) (current US$);21
Permanent cropland (% of land area);21
Adjusted savings: education expenditure (% of GNI);21
Industry (including construction), value added (current US$);21
Adjusted savings: consumption of fixed capital (current US$);22
Merchandise trade (% of GDP);22
PPP conversion factor, GDP (LCU per international $);23
Survival to age 65, male (% of cohort);23
GDP, PPP (constant 2011 international $);23
GDP, PPP (current international $);23
GNI per capita, Atlas method (current US$);23
Foreign direct investment, net inflows (% of GDP);23
Merchandise exports to low- and middle-income economies in Middle East & North Africa (% of total merchandise exports);23
International tourism, number of arrivals;23
Agriculture, forestry, and fishing, value added (current LCU);23
GDP per capita, PPP (constant 2011 international $);23
PM2.5 pollution, population exposed to levels exceeding WHO Interim Target-2 value (% of total);23
Adolescent fertility rate (births per 1,000 women ages 15-19);23
GNI, Atlas method (current US$);23
PM2.5 air pollution, mean annual exposure (micrograms per cubic meter);23
PM2.5 pollution, population exposed to levels exceeding WHO Interim Target-1 value (% of total);23
PM2.5 air pollution, population exposed to levels exceeding WHO guideline value (% of total);23
Sex ratio at birth (male births per female births);23
Survival to age 65, female (% of cohort);23
Agriculture, forestry, and fishing, value added (% of GDP);23
GDP per capita, PPP (current international $);23
PM2.5 pollution, population exposed to levels exceeding WHO Interim Target-3 value (% of total);23
Population ages 25-29, female (% of female population);24
Population ages 35-39, male (% of male population);24
Population ages 25-29, male (% of male population);24
Imports of goods and services (current LCU);24
Population ages 30-34, female (% of female population);24
Population ages 30-34, male (% of male population);24
Population ages 35-39, female (% of female population);24
Population ages 40-44, female (% of female population);24
Population ages 65 and above (% of total population);24
Population ages 45-49, female (% of female population);24
Population ages 45-49, male (% of male population);24
GNI per capita, PPP (current international $);24
Population ages 15-64, total;24
Population ages 50-54, male (% of male population);24
Trade (% of GDP);24
Population ages 20-24, male (% of male population);24
Population ages 40-44, male (% of male population);24
Population ages 20-24, female (% of female population);24
Population ages 55-59, female (% of female population);24
Population ages 15-19, male (% of male population);24
Population ages 10-14, female (% of female population);24
Population ages 05-09, male (% of male population);24
Population ages 15-64, male (% of male population);24
External balance on goods and services (current LCU);24
External balance on goods and services (% of GDP);24
Population ages 15-19, female (% of female population);24
Exports of goods and services (current LCU);24
Population ages 15-64 (% of total population);24
Oil rents (% of GDP);24
Number of under-five deaths;24
Exports of goods and services (% of GDP);24
Mortality rate, under-5 (per 1,000 live births);24
Population ages 60-64, female (% of female population);24
Number of infant deaths;24
Population ages 10-14, male (% of male population);24
Population ages 50-54, female (% of female population);24
Number of neonatal deaths;24
Population ages 55-59, male (% of male population);24
Population ages 15-64, male;24
GNI, PPP (current international $);24
Population, female (% of total population);24
Population, male;24
Population, male (% of total population);24
Adjusted savings: mineral depletion (% of GNI);24
Mortality rate, infant (per 1,000 live births);24
Population ages 65-69, female (% of female population);24
Population ages 15-64, female (% of female population);24
Population, female;24
Population ages 65 and above, male;24
Population ages 0-14, male;24
Population ages 0-14 (% of total population);24
Population ages 0-14, female (% of female population);24
Agriculture, forestry, and fishing, value added (current US$);24
Population ages 0-14, female;24
Natural gas rents (% of GDP);24
Population ages 65 and above, female;24
Population ages 65 and above, female (% of female population);24
Population ages 05-09, female (% of female population);24
Population ages 15-64, female;24
Population ages 80 and above, male (% of male population);24
Population ages 00-04, male (% of male population);24
Population ages 60-64, male (% of male population);24
Age dependency ratio (% of working-age population);24
Population ages 65 and above, total;24
Population ages 65-69, male (% of male population);24
Mortality rate, neonatal (per 1,000 live births);24
Age dependency ratio, young (% of working-age population);24
Age dependency ratio, old (% of working-age population);24
Population ages 70-74, female (% of female population);24
Population ages 65 and above, male (% of male population);24
Population ages 0-14, male (% of male population);24
Population ages 70-74, male (% of male population);24
Population ages 0-14, total;24
Population ages 75-79, female (% of female population);24
Population ages 00-04, female (% of female population);24
Population ages 75-79, male (% of male population);24
Population ages 80 and above, female (% of female population);24
Imports of goods and services (% of GDP);24
Price level ratio of PPP conversion factor (GDP) to market exchange rate;25
Compulsory education, duration (years);25
Imports of goods and services (current US$);25
Energy intensity level of primary energy (MJ/$2011 PPP GDP);25
Immunization, measles (% of children ages 12-23 months);25
External balance on goods and services (current US$);25
Exports of goods and services (current US$);25
Foreign direct investment, net outflows (% of GDP);25
Services, value added (current LCU);25
Immunization, DPT (% of children ages 12-23 months);25
Services, value added (% of GDP);25
Adjusted savings: carbon dioxide damage (% of GNI);26
International tourism, receipts (current US$);26
Adjusted savings: consumption of fixed capital (% of GNI);27
Coal rents (% of GDP);27
Mortality rate, adult, male (per 1,000 male adults);27
CO2 emissions (kg per 2010 US$ of GDP);27
CO2 emissions (kg per 2011 PPP $ of GDP);27
CO2 emissions (kg per PPP $ of GDP);27
Industry (including construction), value added (annual % growth);27
Industry (including construction), value added (constant LCU);27
Mortality rate, adult, female (per 1,000 female adults);27
Access to clean fuels and technologies for cooking (% of population);28
Business extent of disclosure index (0=less disclosure to 10=more disclosure);28
Cost of business start-up procedures (% of GNI per capita);28
Aquaculture production (metric tons);28
Net secondary income (Net current transfers from abroad) (current LCU);28
Manufacturing, value added (current LCU);28
Manufacturing, value added (% of GDP);28
Tax payments (number);29
Agriculture, forestry, and fishing, value added (annual % growth);29
Time required to start a business, male (days);29
Time required to start a business, female (days);29
Cost of business start-up procedures, male (% of GNI per capita);29
Total tax and contribution rate (% of profit);29
Time required to start a business (days);29
Time required to get electricity (days);29
Time required to enforce a contract (days);29
International tourism, expenditures (current US$);29
Start-up procedures to register a business (number);29
Manufacturing, value added (current US$);29
Public credit registry coverage (% of adults);29
Cost of business start-up procedures, female (% of GNI per capita);29
Other taxes payable by businesses (% of commercial profits);29
Net secondary income (Net current transfers from abroad) (current US$);29
Private credit bureau coverage (% of adults);29
Time to prepare and pay taxes (hours);29
Prevalence of anemia among pregnant women (%);29
Depth of credit information index (0=low to 8=high);29
Labor tax and contributions (% of commercial profits);29
Prevalence of anemia among women of reproductive age (% of women ages 15-49);29
Prevalence of anemia among children (% of children under 5);29
Agriculture, forestry, and fishing, value added (constant LCU);29
Start-up procedures to register a business, female (number);29
Start-up procedures to register a business, male (number);29
Strength of legal rights index (0=weak to 12=strong);29
Proportion of seats held by women in national parliaments (%);29
Profit tax (% of commercial profits);29
Prevalence of anemia among non-pregnant women (% of women ages 15-49);29
Vulnerable employment, male (% of male employment) (modeled ILO estimate);30
Employment to population ratio, 15+, male (%) (modeled ILO estimate);30
Adjusted savings: energy depletion (% of GNI);30
Employment in agriculture, male (% of male employment) (modeled ILO estimate);30
Contributing family workers, total (% of total employment) (modeled ILO estimate);30
Employers, total (% of total employment) (modeled ILO estimate);30
Contributing family workers, male (% of male employment) (modeled ILO estimate);30
Ratio of female to male labor force participation rate (%) (modeled ILO estimate);30
Employment in industry (% of total employment) (modeled ILO estimate);30
Unemployment, female (% of female labor force) (modeled ILO estimate);30
Unemployment, youth total (% of total labor force ages 15-24) (modeled ILO estimate);30
Unemployment, total (% of total labor force) (modeled ILO estimate);30
Employment to population ratio, ages 15-24, total (%) (modeled ILO estimate);30
Unemployment, youth female (% of female labor force ages 15-24) (modeled ILO estimate);30
Unemployment, youth male (% of male labor force ages 15-24) (modeled ILO estimate);30
Vulnerable employment, total (% of total employment) (modeled ILO estimate);30
Employment in industry, female (% of female employment) (modeled ILO estimate);30
Vulnerable employment, female (% of female employment) (modeled ILO estimate);30
Employment to population ratio, ages 15-24, female (%) (modeled ILO estimate);30
Employment to population ratio, 15+, total (%) (modeled ILO estimate);30
Employment to population ratio, ages 15-24, male (%) (modeled ILO estimate);30
Unemployment, male (% of male labor force) (modeled ILO estimate);30
Employers, female (% of female employment) (modeled ILO estimate);30
Contributing family workers, female (% of female employment) (modeled ILO estimate);30
Employment in services (% of total employment) (modeled ILO estimate);30
Wage and salaried workers, male (% of male employment) (modeled ILO estimate);30
Self-employed, female (% of female employment) (modeled ILO estimate);30
Employment in industry, male (% of male employment) (modeled ILO estimate);30
Self-employed, total (% of total employment) (modeled ILO estimate);30
Wage and salaried workers, total (% of total employment) (modeled ILO estimate);30
Labor force participation rate for ages 15-24, male (%) (modeled ILO estimate);30
Wage and salaried workers, female (% of female employment) (modeled ILO estimate);30
Labor force participation rate for ages 15-24, total (%) (modeled ILO estimate);30
Labor force participation rate, female (% of female population ages 15+) (modeled ILO estimate);30
Labor force participation rate, female (% of female population ages 15-64) (modeled ILO estimate);30
Labor force participation rate, male (% of male population ages 15+) (modeled ILO estimate);30
Self-employed, male (% of male employment) (modeled ILO estimate);30
Labor force participation rate, total (% of total population ages 15+) (modeled ILO estimate);30
Labor force participation rate, male (% of male population ages 15-64) (modeled ILO estimate);30
Employment in services, male (% of male employment) (modeled ILO estimate);30
Employment to population ratio, 15+, female (%) (modeled ILO estimate);30
Employers, male (% of male employment) (modeled ILO estimate);30
Employment in services, female (% of female employment) (modeled ILO estimate);30
Employment in agriculture, female (% of female employment) (modeled ILO estimate);30
Personal remittances, received (current US$);30
Labor force participation rate for ages 15-24, female (%) (modeled ILO estimate);30
Labor force participation rate, total (% of total population ages 15-64) (modeled ILO estimate);30
Employment in agriculture (% of total employment) (modeled ILO estimate);30
Domestic general government health expenditure (% of general government expenditure);31
Domestic private health expenditure per capita, PPP (current international $);31
Cost to export, border compliance (US$);31
Labor force, female (% of total labor force);31
Domestic private health expenditure (% of current health expenditure);31
Domestic general government health expenditure per capita, PPP (current international $);31
Domestic general government health expenditure per capita (current US$);31
Domestic general government health expenditure (% of current health expenditure);31
Goods imports (BoP, current US$);31
Time to import, border compliance (hours);31
Time to export, documentary compliance (hours);31
Time to export, border compliance (hours);31
Current health expenditure per capita, PPP (current international $);31
Current health expenditure per capita (current US$);31
Current health expenditure (% of GDP);31
Labor force, total;31
Domestic general government health expenditure (% of GDP);31
Tuberculosis treatment success rate (% of new cases);31
Cost to import, documentary compliance (US$);31
Commercial service exports (current US$);31
Net trade in goods and services (BoP, current US$);31
Out-of-pocket expenditure (% of current health expenditure);31
Out-of-pocket expenditure per capita (current US$);31
"Law mandates equal remuneration for females and males for work of equal value (1=yes; 0=no)";31
"Legislation exists on domestic violence (1=yes; 0=no)";31
Out-of-pocket expenditure per capita, PPP (current international $);31
Time to import, documentary compliance (hours);31
Domestic private health expenditure per capita (current US$);31
Cost to export, documentary compliance (US$);31
GDP per person employed (constant 2011 PPP $);31
Cost to import, border compliance (US$);31
Services, value added (constant LCU);31
Net trade in goods (BoP, current US$);31
Service exports (BoP, current US$);31
Service imports (BoP, current US$);31
Commercial service imports (current US$);31
Primary income receipts (BoP, current US$);31
Primary income payments (BoP, current US$);31
Goods exports (BoP, current US$);31
Services, value added (annual % growth);31
Lifetime risk of maternal death (1 in: rate varies by country);32
Procedures to build a warehouse (number);32
Number of maternal deaths;32
Adjusted savings: net forest depletion (current US$);32
Current account balance (BoP, current US$);32
Lifetime risk of maternal death (%);32
Net primary income (BoP, current US$);32
Foreign direct investment, net (BoP, current US$);32
Exports of goods, services and primary income (BoP, current US$);32
Industry (including construction), value added (constant 2010 US$);32
International tourism, expenditures for travel items (current US$);32
Imports of goods and services (BoP, current US$);32
Imports of goods, services and primary income (BoP, current US$);32
Net financial account (BoP, current US$);32
Net errors and omissions (BoP, current US$);32
Exports of goods and services (BoP, current US$);32
Net secondary income (BoP, current US$);32
International tourism, receipts for travel items (current US$);32
Maternal mortality ratio (modeled estimate, per 100,000 live births);32
Time required to build a warehouse (days);32
Communications, computer, etc. (% of service imports, BoP);33
Transport services (% of service imports, BoP);33
Communications, computer, etc. (% of service exports, BoP);33
Agriculture, forestry, and fishing, value added (constant 2010 US$);33
Procedures to register property (number);33
Adjusted savings: education expenditure (current US$);33
Inflation, consumer prices (annual %);33
Transport services (% of commercial service imports);33
PPP conversion factor, private consumption (LCU per international $);33
Time required to register property (days);33
Computer, communications and other services (% of commercial service imports);33
Computer, communications and other services (% of commercial service exports);33
Taxes less subsidies on products (current LCU);34
Reserves and related items (BoP, current US$);34
Travel services (% of commercial service imports);34
Manufacturing, value added (constant LCU);34
Manufacturing, value added (annual % growth);34
Level of water stress: freshwater withdrawal as a proportion of available freshwater resources;34
Travel services (% of service imports, BoP);34
International tourism, expenditures (% of total imports);34
Consumer price index (2010 = 100);34
Immunization, HepB3 (% of one-year-old children);35
Gross value added at basic prices (GVA) (current LCU);35
Travel services (% of service exports, BoP);35
Renewable internal freshwater resources, total (billion cubic meters);35
Taxes less subsidies on products (current US$);35
Trade in services (% of GDP);35
Travel services (% of commercial service exports);35
International tourism, receipts (% of total exports);35
Personal remittances, received (% of GDP);35
Renewable internal freshwater resources per capita (cubic meters);36
Insurance and financial services (% of commercial service imports);36
Insurance and financial services (% of service imports, BoP);36
Personal remittances, paid (current US$);36
Secondary income, other sectors, payments (BoP, current US$);36
Secondary income receipts (BoP, current US$);36
Gross value added at basic prices (GVA) (current US$);36
Services, value added (constant 2010 US$);36
Transport services (% of commercial service exports);36
Transport services (% of service exports, BoP);36
Current account balance (% of GDP);36
Cereal production (metric tons);36
Average precipitation in depth (mm per year);37
Land under cereal production (hectares);37
Cereal yield (kg per hectare);37
Households and NPISHs final consumption expenditure (% of GDP);38
Commercial bank branches (per 100,000 adults);38
Households and NPISHs Final consumption expenditure (current US$);38
Households and NPISHs Final consumption expenditure (current LCU);38
Automated teller machines (ATMs) (per 100,000 adults);39
Manufacturing, value added (constant 2010 US$);39
Domestic credit to private sector by banks (% of GDP);39
Adjusted savings: net forest depletion (% of GNI);39
Domestic credit to private sector (% of GDP);40
Net domestic credit (current LCU);40
Net foreign assets (current LCU);40
Gross value added at basic prices (GVA) (constant LCU);41
Gross domestic savings (current LCU);41
Final consumption expenditure (% of GDP);41
Final consumption expenditure (current LCU);41
Domestic credit provided by financial sector (% of GDP);41
Claims on central government, etc. (% GDP);41
ICT service exports (% of service exports, BoP);41
General government final consumption expenditure (current US$);41
Adjusted savings: natural resources depletion (% of GNI);41
General government final consumption expenditure (% of GDP);41
Adjusted savings: particulate emission damage (current US$);41
ICT service exports (BoP, current US$);41
General government final consumption expenditure (current LCU);41
People using at least basic drinking water services, urban (% of urban population);41
Gross domestic savings (% of GDP);41
Final consumption expenditure (current US$);42
Gross domestic savings (current US$);42
Adjusted net national income (current US$);43
Gross national expenditure (current LCU);43
People using at least basic sanitation services, urban (% of urban population);43
Gross national expenditure (% of GDP);43
Portfolio investment, net (BoP, current US$);43
Adjusted net national income per capita (current US$);43
Discrepancy in expenditure estimate of GDP (current LCU);43
Gross capital formation (current LCU);43
Gross capital formation (% of GDP);43
People practicing open defecation, urban (% of urban population);43
Total reserves (includes gold, current US$);43
Total reserves minus gold (current US$);43
Taxes less subsidies on products (constant LCU);44
Official exchange rate (LCU per US$, period average);44
Adjusted savings: particulate emission damage (% of GNI);44
Gross capital formation (current US$);44
Gross national expenditure (current US$);44
Pump price for gasoline (US$ per liter);45
Insurance and financial services (% of service exports, BoP);46
Insurance and financial services (% of commercial service exports);46
Refugee population by country or territory of asylum;46
Services, value added (current US$);47
Agriculture, forestry, and fishing, value added per worker (constant 2010 US$);47
Industry (including construction), value added per worker (constant 2010 US$);47
Primary education, pupils;47
Primary education, pupils (% female);47
Exports as a capacity to import (constant LCU);48
Terms of trade adjustment (constant LCU);48
Imports of goods and services (constant LCU);48
Gross fixed capital formation (current LCU);48
Gross value added at basic prices (GVA) (constant 2010 US$);48
Gross fixed capital formation (% of GDP);48
Gross domestic income (constant LCU);48
Exports of goods and services (constant LCU);48
Gross fixed capital formation (current US$);48
Armed forces personnel, total;48
People using at least basic drinking water services, rural (% of rural population);49
Imports of goods and services (annual % growth);49
Exports of goods and services (annual % growth);49
Services, value added per worker (constant 2010 US$);50
People using at least basic sanitation services, rural (% of rural population);50
Net capital account (BoP, current US$);50
Households and NPISHs Final consumption expenditure (constant LCU);50
Total reserves in months of imports;50
Time to resolve insolvency (years);51
Pump price for diesel fuel (US$ per liter);51
Armed forces personnel (% of total labor force);51
Households and NPISHs Final consumption expenditure (annual % growth);52
Prevalence of undernourishment (% of population);52
People practicing open defecation, rural (% of rural population);52
Fertilizer consumption (kilograms per hectare of arable land);53
Households and NPISHs Final consumption expenditure, PPP (current international $);53
Gross capital formation (annual % growth);53
Liner shipping connectivity index (maximum value in 2004 = 100);53
Gross capital formation (constant LCU);53
Final consumption expenditure (annual % growth);53
Final consumption expenditure (constant LCU);53
Gross national expenditure (constant LCU);54
Gross national expenditure deflator (base year varies by country);54
Gross savings (% of GDP);54
Gross savings (% of GNI);54
Gross savings (current LCU);54
Gross savings (current US$);54
Exports of goods and services (constant 2010 US$);54
Imports of goods and services (constant 2010 US$);54
Food exports (% of merchandise exports);55
General government final consumption expenditure (constant LCU);55
Food imports (% of merchandise imports);55
External health expenditure (% of current health expenditure);55
Fuel imports (% of merchandise imports);55
External health expenditure per capita (current US$);55
Secondary education, general pupils;55
Manufactures imports (% of merchandise imports);55
Manufactures exports (% of merchandise exports);55
External health expenditure per capita, PPP (current international $);55
Ores and metals imports (% of merchandise imports);56
School enrollment, primary (gross), gender parity index (GPI);56
School enrollment, primary (% gross);56
Secondary education, general pupils (% female);56
School enrollment, primary, female (% gross);56
School enrollment, primary, male (% gross);56
GNI growth (annual %);56
GNI (constant LCU);56
Households and NPISHs Final consumption expenditure per capita growth (annual %);56
Households and NPISHs Final consumption expenditure per capita (constant 2010 US$);56
GNI per capita growth (annual %);56
Households and NPISHs Final consumption expenditure (constant 2010 US$);56
GNI per capita (constant LCU);56
Agricultural raw materials imports (% of merchandise imports);56
General government final consumption expenditure (annual % growth);57
Agricultural raw materials exports (% of merchandise exports);57
Ores and metals exports (% of merchandise exports);57
Households and NPISHs Final consumption expenditure, PPP (constant 2011 international $);58
Air transport, passengers carried;58
Logistics performance index: Frequency with which shipments reach consignee within scheduled or expected time (1=low to 5=high);58
Air transport, registered carrier departures worldwide;58
Gross capital formation (constant 2010 US$);58
Changes in inventories (current US$);58
Final consumption expenditure (constant 2010 US$);58
Changes in inventories (current LCU);58
ICT goods imports (% total goods imports);58
Logistics performance index: Ability to track and trace consignments (1=low to 5=high);58
Logistics performance index: Competence and quality of logistics services (1=low to 5=high);58
Military expenditure (current LCU);58
Logistics performance index: Efficiency of customs clearance process (1=low to 5=high);58
Logistics performance index: Ease of arranging competitively priced shipments (1=low to 5=high);58
Logistics performance index: Overall (1=low to 5=high);58
Logistics performance index: Quality of trade and transport-related infrastructure (1=low to 5=high);58
Adjusted savings: gross savings (% of GNI);58
Adjusted savings: net national savings (% of GNI);59
Military expenditure (current USD);59
Adjusted savings: net national savings (current US$);59
Gross national expenditure (constant 2010 US$);59
Gross fixed capital formation (constant LCU);59
Gross fixed capital formation (annual % growth);60
Claims on central government (annual growth as % of broad money);60
Broad money growth (annual %);60
Claims on private sector (annual growth as % of broad money);60
School enrollment, primary, private (% of total primary);60
Fuel exports (% of merchandise exports);60
Broad money (current LCU);60
GNI, PPP (constant 2011 international $);60
GNI per capita, PPP (constant 2011 international $);60
International tourism, expenditures for passenger transport items (current US$);60
Personal transfers, receipts (BoP, current US$);61
Military expenditure (% of GDP);61
Broad money (% of GDP);61
General government final consumption expenditure (constant 2010 US$);61
GNI per capita (constant 2010 US$);62
GNI (constant 2010 US$);62
Gross fixed capital formation (constant 2010 US$);63
Military expenditure (% of general government expenditure);64
Population in largest city;65
Charges for the use of intellectual property, payments (BoP, current US$);65
Population in the largest city (% of urban population);65
ICT goods exports (% of total goods exports);66
Adjusted net national income per capita (annual % growth);66
Adjusted net national income (annual % growth);66
Over-age students, primary (% of enrollment);68
Adjusted net savings, excluding particulate emission damage (current US$);68
Adjusted net savings, excluding particulate emission damage (% of GNI);68
Portfolio equity, net inflows (BoP, current US$);68
Medium and high-tech exports (% manufactured exports);68
Medium and high-tech Industry (including construction) (% manufacturing value added);68
High-technology exports (current US$);68
High-technology exports (% of manufactured exports);69
Over-age students, primary, female (% of female enrollment);69
Over-age students, primary, male (% of male enrollment);69
Broad money to total reserves ratio;70
Adjusted net savings, including particulate emission damage (current US$);70
Air transport, freight (million ton-km);70
Adjusted net savings, including particulate emission damage (% of GNI);70
Secondary education, pupils;70
Periodicity and timeliness assessment of statistical capacity (scale 0 - 100);71
Gross intake ratio in first grade of primary education, total (% of relevant age group);71
Smoking prevalence, total (ages 15+);71
Smoking prevalence, females (% of adults);71
Statistical Capacity score (Overall average);71
Methodology assessment of statistical capacity (scale 0 - 100);71
Source data assessment of statistical capacity (scale 0 - 100);71
Gross intake ratio in first grade of primary education, male (% of relevant age group);72
Gross intake ratio in first grade of primary education, female (% of relevant age group);72
Adjusted net national income per capita (constant 2010 US$);72
Adjusted net national income (constant 2010 US$);72
Secondary education, pupils (% female);72
Primary education, teachers;73
School enrollment, preprimary, male (% gross);73
Smoking prevalence, males (% of adults);73
School enrollment, preprimary, female (% gross);73
School enrollment, preprimary (% gross);73
Quality of port infrastructure, WEF (1=extremely underdeveloped to 7=well developed and efficient by international standards);74
Burden of customs procedure, WEF (1=extremely inefficient to 7=extremely efficient);74
Bank liquid reserves to bank assets ratio (%);74
International tourism, receipts for passenger transport items (current US$);75
CO2 emissions from manufacturing industries and construction (% of total fuel combustion);75
CO2 emissions from transport (% of total fuel combustion);75
CO2 emissions from residential buildings and commercial and public services (% of total fuel combustion);75
CO2 emissions from electricity and heat production, total (% of total fuel combustion);75
CO2 emissions from other sectors, excluding residential buildings and commercial and public services (% of total fuel combustion);75
Deposit interest rate (%);76
Electricity production from renewable sources, excluding hydroelectric (kWh);76
Electricity production from coal sources (% of total);76
Electric power consumption (kWh per capita);76
Pupil-teacher ratio, primary;76
Electricity production from nuclear sources (% of total);76
Net financial flows, IBRD (NFL, current US$);76
Electricity production from oil sources (% of total);76
Electricity production from oil, gas and coal sources (% of total);76
Account ownership at a financial institution or with a mobile-money-service provider, female (% of population ages 15+);76
Electricity production from hydroelectric sources (% of total);76
Electricity production from natural gas sources (% of total);76
Adults (ages 15+) and children (ages 0-14) newly infected with HIV;76
Account ownership at a financial institution or with a mobile-money-service provider (% of population ages 15+);76
Account ownership at a financial institution or with a mobile-money-service provider, male (% of population ages 15+);76
Account ownership at a financial institution or with a mobile-money-service provider, secondary education or more (% of population ages 15+);76
Account ownership at a financial institution or with a mobile-money-service provider, primary education or less (% of population ages 15+);76
Account ownership at a financial institution or with a mobile-money-service provider, older adults (% of population ages 25+);76
Electricity production from renewable sources, excluding hydroelectric (% of total);76
Account ownership at a financial institution or with a mobile-money-service provider, young adults (% of population ages 15-24);76
Net official development assistance received (constant 2015 US$);77
Electric power transmission and distribution losses (% of output);77
Account ownership at a financial institution or with a mobile-money-service provider, richest 60% (% of population ages 15+);77
Net bilateral aid flows from DAC donors, Total (current US$);77
Account ownership at a financial institution or with a mobile-money-service provider, poorest 40% (% of population ages 15+);77
Prevalence of HIV, total (% of population ages 15-49);77
Net official development assistance received (current US$);77
Net official development assistance and official aid received (constant 2015 US$);77
Technical cooperation grants (BoP, current US$);77
Grants, excluding technical cooperation (BoP, current US$);77
Net official development assistance and official aid received (current US$);77
Tax revenue (% of GDP);78
Tax revenue (current LCU);78
School enrollment, secondary (% gross);78
Revenue, excluding grants (current LCU);78
Claims on other sectors of the domestic economy (annual growth as % of broad money);78
Net ODA received per capita (current US$);78
Revenue, excluding grants (% of GDP);78
Net bilateral aid flows from DAC donors, European Union institutions (current US$);78
Net official flows from UN agencies, UNDP (current US$);79
Merchandise exports to low- and middle-income economies within region (% of total merchandise exports);79
Repeaters, primary, total (% of total enrollment);79
Repeaters, primary, male (% of male enrollment);79
Real interest rate (%);79
Repeaters, primary, female (% of female enrollment);79
Antiretroviral therapy coverage (% of people living with HIV);79
Merchandise imports from low- and middle-income economies within region (% of total merchandise imports);79
Adults (ages 15+) newly infected with HIV;79
Net bilateral aid flows from DAC donors, Japan (current US$);79
Lending interest rate (%);79
Primary education, teachers (% female);79
Incidence of HIV (per 1,000 uninfected population ages 15-49);80
Expense (% of GDP);80
Expense (current LCU);80
Container port traffic (TEU: 20 foot equivalent units);80
Women's share of population ages 15+ living with HIV (%);80
School enrollment, secondary, female (% gross);80
Prevalence of HIV, male (% ages 15-24);80
Net ODA received (% of GNI);80
Prevalence of HIV, female (% ages 15-24);80
School enrollment, secondary, male (% gross);80
School enrollment, secondary (gross), gender parity index (GPI);80
Compensation of employees (% of expense);81
Energy imports, net (% of energy use);81
Compensation of employees (current LCU);81
Goods and services expense (% of expense);81
Goods and services expense (current LCU);81
Taxes on goods and services (% of revenue);81
Taxes on goods and services (current LCU);81
Energy use (kg of oil equivalent per capita);82
CO2 intensity (kg per kg of oil equivalent energy use);82
Alternative and nuclear energy (% of total energy use);82
Combustible renewables and waste (% of total energy);82
School enrollment, primary (% net);82
Risk of impoverishing expenditure for surgical care (% of people at risk);82
Risk of catastrophic expenditure for surgical care (% of people at risk);82
School enrollment, primary and secondary (gross), gender parity index (GPI);82
School enrollment, secondary, private (% of total secondary);83
Intentional homicides (per 100,000 people);83
Fossil fuel energy consumption (% of total);83
Subsidies and other transfers (% of expense);84
Tariff rate, applied, weighted mean, all products (%);84
Share of tariff lines with international peaks, all products (%);84
Share of tariff lines with specific rates, all products (%);84
Net lending (+) / net borrowing (-) (current LCU);84
Subsidies and other transfers (current LCU);84
Net lending (+) / net borrowing (-) (% of GDP);84
External balance on goods and services (constant LCU);84
Tariff rate, most favored nation, simple mean, all products (%);84
Trademark applications, total;84
Net bilateral aid flows from DAC donors, France (current US$);84
Tariff rate, applied, simple mean, all products (%);84
Net bilateral aid flows from DAC donors, United States (current US$);84
Interest payments (% of revenue);84
Interest payments (current LCU);84
Tariff rate, most favored nation, weighted mean, all products (%);84
New business density (new registrations per 1,000 people ages 15-64);85
Tariff rate, most favored nation, simple mean, primary products (%);85
Tariff rate, applied, simple mean, manufactured products (%);85
Tariff rate, applied, weighted mean, manufactured products (%);85
Tariff rate, applied, weighted mean, primary products (%);85
Tariff rate, most favored nation, weighted mean, manufactured products (%);85
Tariff rate, most favored nation, simple mean, manufactured products (%);85
Tariff rate, applied, simple mean, primary products (%);85
Tariff rate, most favored nation, weighted mean, primary products (%);85
Share of tariff lines with specific rates, primary products (%);85
New businesses registered (number);85
Share of tariff lines with specific rates, manufactured products (%);85
Share of tariff lines with international peaks, primary products (%);85
Taxes on goods and services (% value added of industry and services);85
Taxes on income, profits and capital gains (% of total taxes);85
Taxes on income, profits and capital gains (current LCU);85
Share of tariff lines with international peaks, manufactured products (%);85
Taxes on income, profits and capital gains (% of revenue);85
Interest payments (% of expense);85
GDP per unit of energy use (PPP $ per kg of oil equivalent);86
Net official flows from UN agencies, ILO (current US$);86
Net bilateral aid flows from DAC donors, Germany (current US$);86
Net bilateral aid flows from DAC donors, Korea, Rep. (current US$);86
GDP per unit of energy use (constant 2011 PPP $ per kg of oil equivalent);86
Energy use (kg of oil equivalent) per $1,000 GDP (constant 2011 PPP);86
Employment to population ratio, 15+, total (%) (national estimate);87
Children out of school, primary;87
Primary completion rate, total (% of relevant age group);87
Adjusted net enrollment rate, primary (% of primary school age children);88
Labor force participation rate, total (% of total population ages 15+) (national estimate);88
Primary completion rate, male (% of relevant age group);88
Primary completion rate, female (% of relevant age group);88
Children out of school (% of primary school age);88
School enrollment, tertiary (% gross);89
Trademark applications, direct nonresident;89
Unemployment, total (% of total labor force) (national estimate);89
Discrepancy in expenditure estimate of GDP (constant LCU);89
Net ODA received (% of imports of goods, services and primary income);89
Interest rate spread (lending rate minus deposit rate, %);89
Net investment in nonfinancial assets (% of GDP);90
Lower secondary completion rate, male (% of relevant age group);90
Lower secondary completion rate, female (% of relevant age group);90
Labor force participation rate, female (% of female population ages 15+) (national estimate);90
Net bilateral aid flows from DAC donors, United Kingdom (current US$);90
Lower secondary completion rate, total (% of relevant age group);90
Bank nonperforming loans to total gross loans (%);90
Labor force participation rate, male (% of male population ages 15+) (national estimate);90
Ratio of female to male labor force participation rate (%) (national estimate);90
Net investment in nonfinancial assets (current LCU);90
Net bilateral aid flows from DAC donors, Canada (current US$);90
IFC, private nonguaranteed (NFL, current US$);91
Other expense (current LCU);91
Net bilateral aid flows from DAC donors, Australia (current US$);91
Trademark applications, direct resident;91
Other expense (% of expense);91
Grants and other revenue (% of revenue);91
Employment to population ratio, 15+, female (%) (national estimate);91
Employment to population ratio, 15+, male (%) (national estimate);91
Secondary education, vocational pupils;91
Grants and other revenue (current LCU);91
School enrollment, tertiary, male (% gross);92
School enrollment, tertiary (gross), gender parity index (GPI);92
School enrollment, tertiary, female (% gross);92
Net financial flows, IDA (NFL, current US$);92
Secondary education, vocational pupils (% female);94
Unemployment, female (% of female labor force) (national estimate);94
Unemployment, male (% of male labor force) (national estimate);94
Commercial banks and other lending (PPG + PNG) (NFL, current US$);95
Net flows on external debt, private nonguaranteed (PNG) (NFL, current US$);95
Net financial flows, others (NFL, current US$);95
PNG, bonds (NFL, current US$);95
PNG, commercial banks and other creditors (NFL, current US$);95
Net financial flows, multilateral (NFL, current US$);95
Patent applications, nonresidents;95
PPG, bonds (NFL, current US$);95
Portfolio investment, bonds (PPG + PNG) (NFL, current US$);95
Use of IMF credit (DOD, current US$);95
Multilateral debt service (TDS, current US$);95
IMF repurchases and charges (TDS, current US$);95
IBRD loans and IDA credits (DOD, current US$);95
Labor force participation rate for ages 15-24, total (%) (national estimate);95
Bank capital to assets ratio (%);95
External debt stocks, total (DOD, current US$);95
PPG, other private creditors (NFL, current US$);95
Net financial flows, RDB nonconcessional (NFL, current US$);95
External debt stocks, public and publicly guaranteed (PPG) (DOD, current US$);95
Debt service on external debt, public and publicly guaranteed (PPG) (TDS, current US$);95
Short-term debt (% of total external debt);95
Debt service on external debt, total (TDS, current US$);95
PPG, commercial banks (NFL, current US$);95
PPG, IDA (DOD, current US$);95
PPG, official creditors (NFL, current US$);95
PPG, IBRD (DOD, current US$);95
Net financial flows, IMF concessional (NFL, current US$);95
Net financial flows, RDB concessional (NFL, current US$);95
Employment to population ratio, ages 15-24, total (%) (national estimate);95
Net financial flows, bilateral (NFL, current US$);95
Net official flows from UN agencies, UNICEF (current US$);95
PPG, private creditors (NFL, current US$);95
External debt stocks, long-term (DOD, current US$);95
External debt stocks, private nonguaranteed (PNG) (DOD, current US$);95
Net financial flows, IMF nonconcessional (NFL, current US$);95
External debt stocks, short-term (DOD, current US$);95
Labor force participation rate for ages 15-24, female (%) (national estimate);96
Employment to population ratio, ages 15-24, male (%) (national estimate);96
Labor force participation rate for ages 15-24, male (%) (national estimate);96
Employment to population ratio, ages 15-24, female (%) (national estimate);96
Population in urban agglomerations of more than 1 million (% of total population);96
Other taxes (current LCU);96
Other taxes (% of revenue);96
Population in urban agglomerations of more than 1 million;96
Total debt service (% of GNI);97
Multilateral debt service (% of public and publicly guaranteed debt service);97
External debt stocks (% of GNI);97
Public and publicly guaranteed debt service (% of GNI);97
Changes in inventories (constant LCU);98
Net bilateral aid flows from DAC donors, Sweden (current US$);98
Bound rate, simple mean, all products (%);98
Arms imports (SIPRI trend indicator values);98
Binding coverage, all products (%);98
Net ODA received (% of gross capital formation);99
Binding coverage, primary products (%);99
Binding coverage, manufactured products (%);99
School enrollment, secondary (% net);99
Bound rate, simple mean, manufactured products (%);99
Secondary education, teachers;99
Bound rate, simple mean, primary products (%);99
Net official flows from UN agencies, UNFPA (current US$);99
Government expenditure on education, total (% of GDP);100
Taxes on international trade (% of revenue);100
Net bilateral aid flows from DAC donors, Norway (current US$);100
Taxes on international trade (current LCU);100
Net bilateral aid flows from DAC donors, Italy (current US$);100
Charges for the use of intellectual property, receipts (BoP, current US$);100
Specialist surgical workforce (per 100,000 population);101
Unemployment, youth total (% of total labor force ages 15-24) (national estimate);102
Net bilateral aid flows from DAC donors, Switzerland (current US$);102
Total debt service (% of exports of goods, services and primary income);102
Government expenditure on education, total (% of government expenditure);102
Debt service (PPG and IMF only, % of exports of goods, services and primary income);102
Patent applications, residents;102
Trademark applications, nonresident, by count;102
Secondary education, teachers, female;103
School enrollment, secondary, female (% net);103
School enrollment, secondary, male (% net);103
Public and publicly guaranteed debt service (% of exports of goods, services and primary income);103
Short-term debt (% of exports of goods, services and primary income);103
Trademark applications, resident, by count;104
Secondary education, teachers (% female);104
Net bilateral aid flows from DAC donors, Finland (current US$);105
Unemployment, youth female (% of female labor force ages 15-24) (national estimate);105
Unemployment, youth male (% of male labor force ages 15-24) (national estimate);105
Progression to secondary school (%);106
Pupil-teacher ratio, secondary;106
Net bilateral aid flows from DAC donors, Spain (current US$);106
Net official flows from UN agencies, WHO (current US$);106
Progression to secondary school, male (%);108
Customs and other import duties (current LCU);108
Net official flows from UN agencies, IFAD (current US$);108
Progression to secondary school, female (%);108
Births attended by skilled health staff (% of total);108
Customs and other import duties (% of tax revenue);108
People using safely managed drinking water services (% of population);108
Lead time to export, median case (days);108
Short-term debt (% of total reserves);109
Adolescents out of school (% of lower secondary school age);109
Total reserves (% of total external debt);109
Net bilateral aid flows from DAC donors, Austria (current US$);109
Pupil-teacher ratio, preprimary;109
Lead time to import, median case (days);111
Share of youth not in education, employment or training, total (% of youth population);111
Nurses and midwives (per 1,000 people);111
Newborns protected against tetanus (%);111
Share of youth not in education, employment or training, female (% of female youth population);113
Children (0-14) living with HIV;114
Children (ages 0-14) newly infected with HIV;114
Share of youth not in education, employment or training, male (% of male youth population);114
Physicians (per 1,000 people);114
Pupil-teacher ratio, tertiary;115
Industrial design applications, nonresident, by count;116
Industrial design applications, resident, by count;116
Net official flows from UN agencies, IAEA (current US$);117
Labor force with basic education, female (% of female working-age population with basic education);118
Labor force with advanced education (% of total working-age population with advanced education);118
Labor force with basic education (% of total working-age population with basic education);118
Incidence of malaria (per 1,000 population at risk);118
Labor force with advanced education, female (% of female working-age population with advanced education);118
Internally displaced persons, new displacement associated with disasters (number of cases);118
Labor force with intermediate education, male (% of male working-age population with intermediate education);118
Labor force with basic education, male (% of male working-age population with basic education);118
Labor force with intermediate education, female (% of female working-age population with intermediate education);118
Labor force with intermediate education (% of total working-age population with intermediate education);118
Labor force with advanced education, male (% of male working-age population with advanced education);118
Intentional homicides, female (per 100,000 female);119
Intentional homicides, male (per 100,000 male);119
International tourism, number of departures;119
Unemployment with intermediate education (% of total labor force with intermediate education);119
Unemployment with basic education (% of total labor force with basic education);120
Unemployment with basic education, female (% of female labor force with basic education);120
Unemployment with basic education, male (% of male labor force with basic education);120
Unemployment with intermediate education, male (% of male labor force with intermediate education);121
Tertiary education, academic staff (% female);121
Textiles and clothing (% of value added in manufacturing);121
Unemployment with intermediate education, female (% of female labor force with intermediate education);121
Net incurrence of liabilities, total (% of GDP);121
Other manufacturing (% of value added in manufacturing);121
Net incurrence of liabilities, total (current LCU);121
Unemployment with advanced education (% of total labor force with advanced education);121
Pupil-teacher ratio, lower secondary;122
School enrollment, primary, female (% net);122
Real effective exchange rate index (2010 = 100);122
Expenditure on secondary education (% of government expenditure on education);122
School enrollment, primary, male (% net);122
Net acquisition of financial assets (% of GDP);122
Expenditure on tertiary education (% of government expenditure on education);122
Food, beverages and tobacco (% of value added in manufacturing);122
Net acquisition of financial assets (current LCU);122
People using safely managed sanitation services (% of population);123
Unemployment with advanced education, male (% of male labor force with advanced education);123
Persistence to last grade of primary, total (% of cohort);123
Borrowers from commercial banks (per 1,000 adults);123
Part time employment, male (% of total male employment);123
Expenditure on primary education (% of government expenditure on education);123
Part time employment, female (% of total female employment);123
Unemployment with advanced education, female (% of female labor force with advanced education);123
Part time employment, total (% of total employment);123
Government expenditure per student, primary (% of GDP per capita);124
People with basic handwashing facilities including soap and water (% of population);124
Machinery and transport equipment (% of value added in manufacturing);125
Chemicals (% of value added in manufacturing);125
People with basic handwashing facilities including soap and water, rural (% of rural population);125
Depositors with commercial banks (per 1,000 adults);126
Social contributions (% of revenue);126
Social contributions (current LCU);126
Antiretroviral therapy coverage for PMTCT (% of pregnant women living with HIV);126
Net bilateral aid flows from DAC donors, Belgium (current US$);126
People with basic handwashing facilities including soap and water, urban (% of urban population);126
Children out of school, primary, female;127
Children out of school, primary, male;127
Adjusted net enrollment rate, primary, male (% of primary school age children);127
Research and development expenditure (% of GDP);127
Adjusted net enrollment rate, primary, female (% of primary school age children);127
Children out of school, female (% of female primary school age);128
Net ODA received (% of central government expense);128
Children out of school, male (% of male primary school age);128
Average transaction cost of sending remittances to a specific country (%);129
Pupil-teacher ratio, upper secondary;129
Net bilateral aid flows from DAC donors, Luxembourg (current US$);129
Current education expenditure, primary (% of total expenditure in primary public institutions);130
Net bilateral aid flows from DAC donors, Czech Republic (current US$);131
Persistence to last grade of primary, male (% of cohort);132
Current education expenditure, secondary (% of total expenditure in secondary public institutions);132
Current education expenditure, total (% of total expenditure in public institutions);132
Government expenditure per student, tertiary (% of GDP per capita);132
Net bilateral aid flows from DAC donors, Greece (current US$);132
Adolescents out of school, male (% of male lower secondary school age);132
Persistence to last grade of primary, female (% of cohort);132
Adolescents out of school, female (% of female lower secondary school age);132
Current education expenditure, tertiary (% of total expenditure in tertiary public institutions);133
Gross fixed capital formation, private sector (current LCU);133
Gross fixed capital formation, private sector (% of GDP);133
Government expenditure per student, secondary (% of GDP per capita);133
Population living in slums (% of urban population);134
Net official flows from UN agencies, UNAIDS (current US$);134
Persistence to grade 5, total (% of cohort);135
S&P Global Equity Indices (annual % change);135
Poverty gap at $3.20 a day (2011 PPP) (%);137
Net intake rate in grade 1 (% of official school-age population);137
Income share held by lowest 10%;137
Poverty headcount ratio at $5.50 a day (2011 PPP) (% of population);137
Income share held by third 20%;137
Income share held by second 20%;137
Income share held by lowest 20%;137
Income share held by highest 20%;137
Poverty headcount ratio at $1.90 a day (2011 PPP) (% of population);137
GINI index (World Bank estimate);137
Income share held by fourth 20%;137
Net intake rate in grade 1, male (% of official school-age population);137
Net intake rate in grade 1, female (% of official school-age population);137
Poverty headcount ratio at $3.20 a day (2011 PPP) (% of population);137
Net bilateral aid flows from DAC donors, Poland (current US$);137
Poverty gap at $5.50 a day (2011 PPP) (%);137
Poverty gap at $1.90 a day (2011 PPP) (%);137
Income share held by highest 10%;137
Fertilizer consumption (% of fertilizer production);138
Net bilateral aid flows from DAC donors, Ireland (current US$);139
Listed domestic companies, total;140
Trained teachers in primary education (% of total teachers);140
CPIA transparency, accountability, and corruption in the public sector rating (1=low to 6=high);141
CPIA structural policies cluster average (1=low to 6=high);141
CPIA social protection rating (1=low to 6=high);141
CPIA quality of public administration rating (1=low to 6=high);141
CPIA quality of budgetary and financial management rating (1=low to 6=high);141
CPIA public sector management and institutions cluster average (1=low to 6=high);141
CPIA equity of public resource use rating (1=low to 6=high);141
CPIA policy and institutions for environmental sustainability rating (1=low to 6=high);141
CPIA policies for social inclusion/equity cluster average (1=low to 6=high);141
CPIA property rights and rule-based governance rating (1=low to 6=high);141
CPIA gender equality rating (1=low to 6=high);141
CPIA trade rating (1=low to 6=high);141
CPIA macroeconomic management rating (1=low to 6=high);141
CPIA building human resources rating (1=low to 6=high);141
CPIA business regulatory environment rating (1=low to 6=high);141
IDA resource allocation index (1=low to 6=high);141
CPIA economic management cluster average (1=low to 6=high);141
CPIA efficiency of revenue mobilization rating (1=low to 6=high);141
CPIA financial sector rating (1=low to 6=high);141
CPIA fiscal policy rating (1=low to 6=high);141
CPIA debt policy rating (1=low to 6=high);141
People using safely managed sanitation services, urban (% of urban population);142
Net official flows from UN agencies, WFP (current US$);142
Net bilateral aid flows from DAC donors, Netherlands (current US$);142
Risk premium on lending (lending rate minus treasury bill rate, %);143
Net bilateral aid flows from DAC donors, Denmark (current US$);144
Net bilateral aid flows from DAC donors, New Zealand (current US$);145
Persistence to grade 5, male (% of cohort);145
Researchers in R&D (per million people);145
Persistence to grade 5, female (% of cohort);145
Trained teachers in primary education, male (% of male teachers);147
Trained teachers in primary education, female (% of female teachers);147
Educational attainment, at least completed upper secondary, population 25+, total (%) (cumulative);147
Educational attainment, at least completed upper secondary, population 25+, male (%) (cumulative);147
Educational attainment, at least completed upper secondary, population 25+, female (%) (cumulative);147
Stocks traded, total value (current US$);147
Stocks traded, total value (% of GDP);148
Rail lines (total route-km);148
Educational attainment, at least completed short-cycle tertiary, population 25+, total (%) (cumulative);150
Educational attainment, at least completed short-cycle tertiary, population 25+, female (%) (cumulative);150
Educational attainment, at least completed short-cycle tertiary, population 25+, male (%) (cumulative);150
Educational attainment, at least completed lower secondary, population 25+, total (%) (cumulative);151
Completeness of birth registration (%);151
Educational attainment, at least completed lower secondary, population 25+, female (%) (cumulative);151
Educational attainment, at least completed lower secondary, population 25+, male (%) (cumulative);151
Educational attainment, at least completed post-secondary, population 25+, male (%) (cumulative);152
Annual freshwater withdrawals, total (% of internal resources);152
Educational attainment, at least completed post-secondary, population 25+, total (%) (cumulative);152
Educational attainment, at least completed post-secondary, population 25+, female (%) (cumulative);152
Net bilateral aid flows from DAC donors, Portugal (current US$);153
Market capitalization of listed domestic companies (current US$);153
Market capitalization of listed domestic companies (% of GDP);154
Railways, passengers carried (million passenger-km);155
Female share of employment in senior and middle management (%);155
Primary government expenditures as a proportion of original approved budget (%);156
Stocks traded, turnover ratio of domestic shares (%);157
Educational attainment, at least completed primary, population 25+ years, total (%) (cumulative);158
Educational attainment, at least completed primary, population 25+ years, female (%) (cumulative);158
Educational attainment, at least completed primary, population 25+ years, male (%) (cumulative);158
Financial intermediary services indirectly Measured (FISIM) (current LCU);158
Vitamin A supplementation coverage rate (% of children ages 6-59 months);160
Educational attainment, at least Bachelor's or equivalent, population 25+, total (%) (cumulative);161
Internally displaced persons, total displaced by conflict and violence (number of people);161
Educational attainment, at least Bachelor's or equivalent, population 25+, female (%) (cumulative);161
Educational attainment, at least Bachelor's or equivalent, population 25+, male (%) (cumulative);161
Net bilateral aid flows from DAC donors, Hungary (current US$);162
People using safely managed drinking water services, urban (% of urban population);162
Financial intermediary services indirectly Measured (FISIM) (constant LCU);163
Literacy rate, adult male (% of males ages 15 and above);164
Trained teachers in secondary education (% of total teachers);164
Literacy rate, adult female (% of females ages 15 and above);164
Literacy rate, adult total (% of people ages 15 and above);164
Railways, goods transported (million ton-km);164
Literacy rate, youth total (% of people ages 15-24);165
Literacy rate, youth male (% of males ages 15-24);165
Literacy rate, youth (ages 15-24), gender parity index (GPI);165
Technicians in R&D (per million people);165
Literacy rate, youth female (% of females ages 15-24);165
Central government debt, total (current LCU);166
Educational attainment, at least Master's or equivalent, population 25+, male (%) (cumulative);166
Educational attainment, at least Master's or equivalent, population 25+, total (%) (cumulative);166
Central government debt, total (% of GDP);166
Educational attainment, at least Master's or equivalent, population 25+, female (%) (cumulative);166
Poverty headcount ratio at national poverty lines (% of population);168
Hospital beds (per 1,000 people);168
Trained teachers in preprimary education (% of total teachers);168
Trained teachers in secondary education, male (% of male teachers);170
Trained teachers in secondary education, female (% of female teachers);170
Educational attainment, Doctoral or equivalent, population 25+, total (%) (cumulative);171
Net bilateral aid flows from DAC donors, Slovak Republic (current US$);171
Trained teachers in preprimary education, female (% of female teachers);171
Educational attainment, Doctoral or equivalent, population 25+, male (%) (cumulative);171
Contraceptive prevalence, any methods (% of women ages 15-49);171
Educational attainment, Doctoral or equivalent, population 25+, female (%) (cumulative);171
People using safely managed sanitation services, rural (% of rural population);173
Contraceptive prevalence, modern methods (% of women ages 15-49);173
Arms exports (SIPRI trend indicator values);175
Claims on other sectors of the domestic economy (% of GDP);177
Taxes on exports (% of tax revenue);178
Taxes on exports (current LCU);178
Agricultural irrigated land (% of total agricultural land);179
Pregnant women receiving prenatal care (%);180
Unmet need for contraception (% of married women ages 15-49);180
Trained teachers in lower secondary education (% of total teachers);181
Trained teachers in preprimary education, male (% of male teachers);181
Exclusive breastfeeding (% of children under 6 months);181
Prevalence of wasting, weight for height (% of children under 5);182
Informal employment (% of total non-agricultural employment);182
Investment in energy with private participation (current US$);182
Prevalence of underweight, weight for age (% of children under 5);182
Informal employment, female (% of total non-agricultural employment);182
Informal employment, male (% of total non-agricultural employment);182
Prevalence of stunting, height for age (% of children under 5);182
People using safely managed drinking water services, rural (% of rural population);183
Prevalence of severe wasting, weight for height (% of children under 5);184
Demand for family planning satisfied by modern methods (% of married women with demand for family planning);184
Trained teachers in lower secondary education, female (% of female teachers);185
Average transaction cost of sending remittances from a specific country (%);185
Trained teachers in lower secondary education, male (% of male teachers);185
Trained teachers in upper secondary education (% of total teachers);185
Public private partnerships investment in energy (current US$);185
Prevalence of overweight, weight for height (% of children under 5);185
Completeness of birth registration, urban (%);186
Proportion of population spending more than 25% of household consumption or income on out-of-pocket health care expenditure (%);186
Net ODA provided, to the least developed countries (current US$);186
Net ODA provided to the least developed countries (% of GNI);186
Proportion of population spending more than 10% of household consumption or income on out-of-pocket health care expenditure (%);186
ARI treatment (% of children under 5 taken to a health provider);186
Net ODA provided, total (% of GNI);186
Net ODA provided, total (constant 2015 US$);186
Completeness of birth registration, rural (%);186
Net ODA provided, total (current US$);186
Diarrhea treatment (% of children under 5 who received ORS packet);187
Diarrhea treatment (% of children under 5 receiving oral rehydration and continued feeding);188
Internally displaced persons, new displacement associated with conflict and violence (number of cases);188
Women who were first married by age 18 (% of women ages 20-24);188
Battle-related deaths (number of people);188
Completeness of birth registration, male (%);189
Trained teachers in upper secondary education, male (% of male teachers);189
Trained teachers in upper secondary education, female (% of female teachers);189
Completeness of birth registration, female (%);189
Net primary income (Net income from abroad) (constant LCU);190
Women who believe a husband is justified in beating his wife (any of five reasons) (%);190
Coverage of social safety net programs in 2nd quintile (% of population);191
Coverage of social safety net programs in 3rd quintile (% of population);191
Net official flows from UN agencies, UNPBF (current US$);191
Coverage of social safety net programs in richest quintile (% of population);191
Coverage of social safety net programs (% of population);191
Coverage of social safety net programs in poorest quintile (% of population);191
Increase in poverty gap at $3.20 ($ 2011 PPP) poverty line due to out-of-pocket health care expenditure (% of poverty line);191
Increase in poverty gap at $3.20 ($ 2011 PPP) poverty line due to out-of-pocket health care expenditure (USD);191
Coverage of social safety net programs in 4th quintile (% of population);191
Coverage of social protection and labor programs (% of population);191
Increase in poverty gap at $1.90 ($ 2011 PPP) poverty line due to out-of-pocket health care expenditure (% of poverty line);192
Women who were first married by age 15 (% of women ages 20-24);192
Increase in poverty gap at $1.90 ($ 2011 PPP) poverty line due to out-of-pocket health care expenditure (USD);192
Proportion of population pushed below the $1.90 ($ 2011 PPP) poverty line by out-of-pocket health care expenditure (%);192
Coverage of social insurance programs in richest quintile (% of population);193
Coverage of social insurance programs in poorest quintile (% of population);193
Coverage of social insurance programs in 3rd quintile (% of population);193
Coverage of social insurance programs in 2nd quintile (% of population);193
Coverage of social insurance programs in 4th quintile (% of population);193
Coverage of social insurance programs (% of population);193
Adequacy of social protection and labor programs (% of total welfare of beneficiary households);194
Benefit incidence of social protection and labor programs to poorest quintile (% of total SPL benefits);194
Net bilateral aid flows from DAC donors, Slovenia (current US$);194
Benefit incidence of social insurance programs to poorest quintile (% of total social insurance benefits);195
Adequacy of social insurance programs (% of total welfare of beneficiary households);195
Adequacy of social safety net programs (% of total welfare of beneficiary households);196
Benefit incidence of social safety net programs to poorest quintile (% of total safety net benefits);196
Wholesale price index (2010 = 100);197
Number of surgical procedures (per 100,000 population);198
Children in employment, study and work, male (% of male children in employment, ages 7-14);199
Children in employment, study and work, female (% of female children in employment, ages 7-14);199
Children in employment, work only, male (% of male children in employment, ages 7-14);199
Children in employment, total (% of children ages 7-14);199
Children in employment, female (% of female children ages 7-14);199
Children in employment, male (% of male children ages 7-14);199
Children in employment, work only, female (% of female children in employment, ages 7-14);199
Children in employment, work only (% of children in employment, ages 7-14);199
Children in employment, study and work (% of children in employment, ages 7-14);199
Children with fever receiving antimalarial drugs (% of children under age 5 with fever);200
Average working hours of children, study and work, female, ages 7-14 (hours per week);200
Average working hours of children, study and work, male, ages 7-14 (hours per week);200
Average working hours of children, study and work, ages 7-14 (hours per week);200
Net bilateral aid flows from DAC donors, Iceland (current US$);201
Average working hours of children, working only, male, ages 7-14 (hours per week);201
Average working hours of children, working only, female, ages 7-14 (hours per week);201
Average working hours of children, working only, ages 7-14 (hours per week);201
Presence of peace keepers (number of troops, police, and military observers in mandate);201
Coverage of unemployment benefits and ALMP in 3rd quintile (% of population);202
Coverage of unemployment benefits and ALMP in richest quintile (% of population);202
Coverage of unemployment benefits and ALMP in poorest quintile (% of population);202
Coverage of unemployment benefits and ALMP (% of population);202
Coverage of unemployment benefits and ALMP in 2nd quintile (% of population);202
Coverage of unemployment benefits and ALMP in 4th quintile (% of population);202
Use of insecticide-treated bed nets (% of under-5 population);202
Prevalence of stunting, height for age, male (% of children under 5);204
Prevalence of underweight, weight for age, male (% of children under 5);204
Maternal mortality ratio (national estimate, per 100,000 live births);204
Prevalence of wasting, weight for height, male (% of children under 5);204
Firms using banks to finance investment (% of firms);205
Female headed households (% of households with a female head);205
Investment in transport with private participation (current US$);205
Prevalence of wasting, weight for height, female (% of children under 5);205
Firms offering formal training (% of firms);205
Firms that spend on R&D (% of firms);205
Average number of visits or required meetings with tax officials (for affected firms);205
Firms expected to give gifts in meetings with tax officials (% of firms);205
Prevalence of stunting, height for age, female (% of children under 5);205
Firms experiencing losses due to theft and vandalism (% of firms);205
Firms visited or required meetings with tax officials (% of firms);205
Firms competing against unregistered firms (% of firms);205
Firms with female participation in ownership (% of firms);205
Time required to obtain an operating license (days);205
Bribery incidence (% of firms experiencing at least one bribe payment request);205
Time spent dealing with the requirements of government regulations (% of senior management time);205
Firms with female top manager (% of firms);205
Time to obtain an electrical connection (days);205
Firms using banks to finance working capital (% of firms);205
Losses due to theft and vandalism (% of annual sales of affected firms);205
Proportion of women subjected to physical and/or sexual violence in the last 12 months (% of women age 15-49);205
Public private partnerships investment in transport (current US$);205
Prevalence of underweight, weight for age, female (% of children under 5);205
Teenage mothers (% of women ages 15-19 who have had children or are currently pregnant);205
Firms formally registered when operations started (% of firms);206
Informal payments to public officials (% of firms);206
Firms experiencing electrical outages (% of firms);206
Value lost due to electrical outages (% of sales for affected firms);206
Prevalence of severe wasting, weight for height, male (% of children under 5);206
Power outages in firms in a typical month (number);206
Prevalence of overweight, weight for height, male (% of children under 5);207
Women who believe a husband is justified in beating his wife when she refuses sex with him (%);207
Proportion of time spent on unpaid domestic and care work, female (% of 24 hour day);207
Women who believe a husband is justified in beating his wife when she goes out without telling him (%);207
Women who believe a husband is justified in beating his wife when she burns the food (%);207
Average time to clear exports through customs (days);207
Women participating in the three decisions (own health care, major household purchases, and visiting family) (% of women age 15-49);207
Wanted fertility rate (births per woman);207
Prevalence of severe wasting, weight for height, female (% of children under 5);207
Proportion of time spent on unpaid domestic and care work, male (% of 24 hour day);207
Women who believe a husband is justified in beating his wife when she neglects the children (%);207
Women who believe a husband is justified in beating his wife when she argues with him (%);207
Child employment in manufacturing, male (% of male economically active children ages 7-14);208
Child employment in manufacturing, female (% of female economically active children ages 7-14);208
Child employment in agriculture, male (% of male economically active children ages 7-14);208
Prevalence of overweight, weight for height, female (% of children under 5);208
Child employment in agriculture, female (% of female economically active children ages 7-14);208
Condom use, population ages 15-24, female (% of females ages 15-24);208
Child employment in services, female (% of female economically active children ages 7-14);208
Child employment in services, male (% of male economically active children ages 7-14);208
Child employment in manufacturing (% of economically active children ages 7-14);208
Child employment in agriculture (% of economically active children ages 7-14);208
Child employment in services (% of economically active children ages 7-14);208
Children in employment, self-employed (% of children in employment, ages 7-14);209
Children in employment, self-employed, female (% of female children in employment, ages 7-14);209
Children in employment, wage workers, female (% of female children in employment, ages 7-14);209
Children in employment, self-employed, male (% of male children in employment, ages 7-14);209
Children in employment, wage workers (% of children in employment, ages 7-14);209
Children in employment, unpaid family workers, male (% of male children in employment, ages 7-14);209
Children in employment, unpaid family workers (% of children in employment, ages 7-14);209
Children in employment, unpaid family workers, female (% of female children in employment, ages 7-14);209
Condom use, population ages 15-24, male (% of males ages 15-24);209
Children in employment, wage workers, male (% of male children in employment, ages 7-14);209
Female genital mutilation prevalence (%);210
Net official flows from UN agencies, UNHCR (current US$);210
Women making their own informed decisions regarding sexual relations, contraceptive use and reproductive health care  (% of women age 15-49);210
Net official flows from UN agencies, UNECE (current US$);212
Public private partnerships investment in water and sanitation (current US$);213
Net official flows from UN agencies, UNRWA (current US$);213
Adequacy of unemployment benefits and ALMP (% of total welfare of beneficiary households);213
Survey mean consumption or income per capita, bottom 40% of population (2011 PPP $ per day);213
Investment in water and sanitation with private participation (current US$);213
Survey mean consumption or income per capita, total population (2011 PPP $ per day);213
Benefit incidence of unemployment benefits and ALMP to poorest quintile (% of total U/ALMP benefits);213
Annual freshwater withdrawals, total (billion cubic meters);214
Annual freshwater withdrawals, agriculture (% of total freshwater withdrawal);214
Community health workers (per 1,000 people);214
Water productivity, total (constant 2010 US$ GDP per cubic meter of total freshwater withdrawal);214
Annual freshwater withdrawals, domestic (% of total freshwater withdrawal);215
Annual freshwater withdrawals, industry (% of total freshwater withdrawal);215
Public private partnerships investment in ICT (current US$);216
Mortality caused by road traffic injury (per 100,000 people);217
Other greenhouse gas emissions, HFC, PFC and SF6 (thousand metric tons of CO2 equivalent);217
Bird species, threatened;217
Mortality rate, infant, male (per 1,000 live births);217
Firms that do not report all sales for tax purposes (% of firms);217
Annualized average growth rate in per capita real survey mean consumption or income, total population (%);217
Suicide mortality rate, male (per 100,000 male population);217
Other greenhouse gas emissions (% change from 1990);217
Suicide mortality rate, female (per 100,000 female population);217
Present value of external debt (% of GNI);217
Mortality rate, under-5, female (per 1,000 live births);217
Mortality rate, infant, female (per 1,000 live births);217
Mortality rate attributed to unintentional poisoning, male (per 100,000 male population);217
Net official flows from UN agencies, UNWTO (current US$);217
Mortality rate attributed to unintentional poisoning, female (per 100,000 female population);217
Human capital index (HCI), upper bound (scale 0-1);217
Mortality rate attributed to household and ambient air pollution, age-standardized, male (per 100,000 male population);217
Mortality rate attributed to household and ambient air pollution, age-standardized, female (per 100,000 female population);217
Mortality rate attributed to household and ambient air pollution, age-standardized (per 100,000 population);217
Mortality from CVD, cancer, diabetes or CRD between exact ages 30 and 70, male (%);217
Human capital index (HCI), male, upper bound (scale 0-1);217
Human capital index (HCI), male, lower bound (scale 0-1);217
Mortality from CVD, cancer, diabetes or CRD between exact ages 30 and 70, female (%);217
Terrestrial and marine protected areas (% of total territorial area);217
Terrestrial protected areas (% of total land area);217
Mortality from CVD, cancer, diabetes or CRD between exact ages 30 and 70 (%);217
Mortality rate attributed to unsafe water, unsafe sanitation and lack of hygiene (per 100,000 population);217
Net official flows from UN agencies, UNTA (current US$);217
International migrant stock, total;217
Population living in areas where elevation is below 5 meters (% of total population);217
Suicide mortality rate (per 100,000 population);217
Present value of external debt (% of exports of goods, services and primary income);217
Present value of external debt (current US$);217
Total alcohol consumption per capita (liters of pure alcohol, projected estimates, 15+ years of age);217
Total alcohol consumption per capita, female (liters of pure alcohol, projected estimates, female 15+ years of age);217
Total alcohol consumption per capita, male (liters of pure alcohol, projected estimates, male 15+ years of age);217
Methane emissions (% change from 1990);217
Human capital index (HCI), female, upper bound (scale 0-1);217
Human capital index (HCI), female, lower bound (scale 0-1);217
Total greenhouse gas emissions (% change from 1990);217
Total greenhouse gas emissions (kt of CO2 equivalent);217
Human capital index (HCI), female (scale 0-1);217
Human capital index (HCI) (scale 0-1);217
HFC gas emissions (thousand metric tons of CO2 equivalent);217
Net migration;217
Net official aid received (constant 2015 US$);217
Net official aid received (current US$);217
Net official flows from UN agencies, FAO (current US$);217
PFC gas emissions (thousand metric tons of CO2 equivalent);217
Net official flows from UN agencies, UNEP (current US$);217
International migrant stock (% of population);217
Cause of death, by communicable diseases and maternal, prenatal and nutrition conditions (% of total);217
Completeness of death registration with cause-of-death information (%);217
Cause of death, by injury (% of total);217
Cause of death, by non-communicable diseases (% of total);217
"Mothers are guaranteed an equivalent position after maternity leave (1=yes; 0=no)";217
Poverty gap at national poverty lines (%);217
Rural poverty gap at national poverty lines (%);217
Probability of dying at age 5-14 years (per 1,000 children age 5);217
Rural poverty headcount ratio at national poverty lines (% of rural population);217
Rural population living in areas where elevation is below 5 meters (% of total population);217
Rural land area where elevation is below 5 meters (sq. km);217
Rural land area where elevation is below 5 meters (% of total land area);217
Rural land area (sq. km);217
Plant species (higher), threatened;217
Agricultural machinery, tractors;217
"Nonpregnant and nonnursing women can do the same jobs as men (1=yes; 0=no)";217
Agricultural machinery, tractors per 100 sq. km of arable land;217
Nitrous oxide emissions in energy sector (% of total);217
UHC service coverage index;217
Investment in ICT with private participation (current US$);217
Land area where elevation is below 5 meters (% of total land area);217
GHG net emissions/removals by LUCF (Mt of CO2 equivalent);217
Nitrous oxide emissions (% change from 1990);217
Net secondary income (Net current transfers from abroad) (constant LCU);217
Agricultural nitrous oxide emissions (thousand metric tons of CO2 equivalent);217
Nitrous oxide emissions (thousand metric tons of CO2 equivalent);217
Marine protected areas (% of territorial waters);217
Mammal species, threatened;217
Low-birthweight babies (% of births);217
Agricultural methane emissions (thousand metric tons of CO2 equivalent);217
Nitrous oxide emissions in energy sector (thousand metric tons of CO2 equivalent);217
Agricultural methane emissions (% of total);217
Agricultural nitrous oxide emissions (% of total);217
SF6 gas emissions (thousand metric tons of CO2 equivalent);217
Fish species, threatened;217
Number of people spending more than 25% of household consumption or income on out-of-pocket health care expenditure;217
Number of people spending more than 10% of household consumption or income on out-of-pocket health care expenditure;217
Human capital index (HCI), lower bound (scale 0-1);217
Consumption of iodized salt (% of households);217
Methane emissions in energy sector (thousand metric tons of CO2 equivalent);217
Methane emissions (kt of CO2 equivalent);217
Energy related methane emissions (% of total);217
Mortality rate, under-5, male (per 1,000 live births);217
Annualized average growth rate in per capita real survey mean consumption or income, bottom 40% of population (%);217
"Law mandates nondiscrimination based on gender in hiring (1=yes; 0=no)";217
"Law mandates paid or unpaid maternity leave (1=yes; 0=no)";217
"Nondiscrimination clause mentions gender in the constitution (1=yes; 0=no)";217
"Law prohibits or invalidates child or early marriage (1=yes; 0=no)";217
Diabetes prevalence (% of population ages 20 to 79);217
Human capital index (HCI), male (scale 0-1);217
Urban land area (sq. km);217
Urban land area where elevation is below 5 meters (sq. km);217
Proportion of population pushed below the $3.20 ($ 2011 PPP) poverty line by out-of-pocket health care expenditure (%);217
Number of deaths ages 5-14 years;217
"Disaster risk reduction progress score (1-5 scale; 5=best)";217
Urban population living in areas where elevation is below 5 meters (% of total population);217
Urban poverty gap at national poverty lines (%);217
Urban poverty headcount ratio at national poverty lines (% of urban population);217
Droughts, floods, extreme temperatures (% of population, average 1990-2009);217
Number of people pushed below the $1.90 ($ 2011 PPP) poverty line by out-of-pocket health care expenditure;217
Number of people pushed below the $3.20 ($ 2011 PPP) poverty line by out-of-pocket health care expenditure;217
Ease of doing business index (1=most business-friendly regulations);217
Ease of doing business score (0 = lowest performance to 100 = best performance);217
Urban land area where elevation is below 5 meters (% of total land area);217
Mortality rate attributed to unintentional poisoning (per 100,000 population);217
